dataMatrix	Blc-EI_Neg_1	Blc-extract-EI_Neg_1	QC-interbatch_Neg_1	QC-Dil8_Neg_1	QC-Dil4_Neg_1	QC-Dil2_Neg_1	QC-Dil1_Neg_1	QC-Dil8_Neg_2	QC-Dil4_Neg_2	QC-Dil2_Neg_2	QC-Dil1_Neg_2	QC-Dil8_Neg_3	QC-Dil4_Neg_3	QC-Dil2_Neg_3	QC-Dil1_Neg_3	QC-interbatch_Neg_2	Blc-EI_Neg_2	Blc-extract-EI_Neg_2	QC-Dil1_Neg_4	Db44_Neg	Db4_Neg	Db46_Neg	Db18_Neg	Db58_Neg	Te1_Neg	Db47_Neg	Db23_Neg	Db13_Neg	Db55_Neg	QC-Dil1_Neg_5	Blc-EI_Neg_3	Db76_Neg	Db51_Neg	Db9_Neg	Db59_Neg	Db52_Neg	Db26_Neg	Db22_Neg	Db37_Neg	Db62_Neg	Db5_Neg	QC-Dil1_Neg_6	Blc-EI_Neg_4	Db38_Neg	Db40_Neg	Db56_Neg	Db27_Neg	Db28_Neg	Db63_Neg	Db32_Neg	Db15_Neg	Db74_Neg	QC-interbatch_Neg_3	QC-Dil1_Neg_7	Blc-extract-EI_Neg_3	Blc-EI_Neg_5	Db64_Neg	Db57_Neg	Te4_Neg	Db21_Neg	Db73_Neg	Db54_Neg	Db42_Neg	Db41_Neg	Db31_Neg	QC-Dil1_Neg_8	Blc-EI_Neg_6	Db24_Neg	Te3_Neg	Db77_Neg	Db17_Neg	Db11_Neg	Db53_Neg	Db61_Neg	Db43_Neg	Db8_Neg	QC-Dil1_Neg_9	Blc-EI_Neg_7	QC-interbatch_Neg_4	Db35_Neg	Db1_Neg	Db67_Neg	Db68_Neg	Db70_Neg	Db14_Neg	Db39_Neg	Db48_Neg	Db69_Neg	QC-Dil1_Neg_10	Blc-EI_Neg_8	Db22Bis_Neg	Db36_Neg	Db29_Neg	Db33_Neg	Db49_Neg	QC-Dil1Bis_Neg_10	Blc-EIBis_Neg_8	Db22Ter_Neg	Db36Bis_Neg	Db29Bis_Neg	Db33Bis_Neg	Db49Bis_Neg	Db3_Neg	Db72_Neg	Db12_Neg	Db25_Neg	QC-Dil1_Neg_11	Blc-EI_Neg_9	Te2_Neg	Db71_Neg	QC-Dil1Bis_Neg_11	Blc-EIBis_Neg_9	Te2Bis_Neg	Db71Bis_Neg	Db75_Neg	Db16_Neg	Db6_Neg	Db65_Neg	Db20_Neg	Db45_Neg	Db10_Neg	QC-Dil1_Neg_12	Blc-EI_Neg_10	Db7_Neg	Db60_Neg	Db66_Neg	Db19_Neg	Db78_Neg	Db50_Neg	Db30_Neg	Db34_Neg	Db2_Neg	QC-interbatch_Neg_5	QC-Dil1_Neg_13	Blc-extract-EI_Neg_4	Blc-EI_Neg_11
met_001	NA	NA	26907524.8	5376232.4	9720285.7	16878372.6	40999426	5353656.1	8707408.3	15334168	43377852.4	4896141.1	8353531.1	14751588.6	45041151	42440854.1	NA	NA	46036586.9	84696163.7	45570748.3	75725108.7	50957771.5	47268176.2	33431897.1	67396553.7	55483676.8	73430851.3	62041931.3	45509407.9	NA	91728057.1	69481745.4	63545844.9	81325855.6	88282773.4	39053788.5	75296594.9	55095942.7	63316010	57613872.7	41018952.1	NA	35775197.3	57442541.8	85171315.6	68032384.5	69353496.9	51038829.9	51693286.8	56370762.5	51450992.4	43926495.2	40363610.9	NA	NA	56156675.2	30587908.6	49663099.2	70351923.2	67681181.8	82952239.1	66339106.9	63158607.3	54828038	38826217.4	NA	52950724.3	36671153.2	51652495.9	42971544.5	48534961.8	44234201.9	70065277.1	61140413	68631964.3	34172745	NA	38323376.5	92325854.6	73943227.3	71126280.1	56948506.6	80334147	79929037.6	64395477	51339260.9	70879664.5	31837047.9	NA	52347250.7	57623851.9	39772945.1	33523748.4	74760673.1	40245722.2	NA	65459968	69892432.9	50961684.9	43641017.8	97146617	71007573.2	73582424.6	65956700.1	89264886.7	37835530.4	NA	37471530.7	72442666.7	39065851.8	NA	41792088.4	75055025.9	89326270.4	56037794.5	56619227.2	76350194.2	94072508.4	95209622.8	72572214	38982942.7	30363.5	86928261.7	51472034.7	60938765.4	101343196.9	68555184.3	109148928.7	74315222.2	57641542.8	68384366.4	45799177.7	36427859.8	NA	NA
met_002	NA	NA	1.87	1.87	1.86	1.84	1.86	1.89	1.86	1.87	1.86	1.85	1.89	1.86	1.85	1.87	NA	NA	1.87	1.89	1.87	1.87	1.87	1.88	1.88	1.86	1.87	1.89	1.86	1.89	NA	1.89	1.86	1.89	1.89	1.86	1.82	1.85	1.86	1.87	1.88	1.88	NA	1.87	1.88	1.87	1.86	1.86	1.88	1.84	1.85	1.85	1.87	1.87	NA	NA	1.85	1.85	1.84	1.86	1.85	1.87	1.84	1.85	1.84	1.85	NA	1.87	1.86	1.85	1.85	1.84	1.87	1.85	1.87	1.87	1.84	NA	1.88	1.86	1.88	1.86	1.84	1.85	1.86	1.84	1.86	1.91	1.89	NA	1.85	1.89	1.9	1.89	1.87	1.88	NA	1.85	1.87	1.88	1.85	1.89	1.88	1.88	1.9	1.86	1.86	NA	1.86	1.88	1.86	NA	1.87	1.86	1.88	1.87	1.88	1.89	1.88	1.86	1.87	1.87	1.81	1.97	1.87	1.87	1.95	1.95	1.96	1.99	1.86	1.96	1.87	1.86	NA	NA
met_003	NA	NA	86292824.8	16366041.3	29097565.7	50006212.4	109614872.4	16830264.5	27589452.2	47785824.4	110833640.8	16923437.6	25551957	46608701	111958060.7	108864393.6	NA	NA	112554818.8	143962290.2	73363583.2	140725031.5	115313028.8	85430490.3	74884176.1	159557106.5	97133320.4	131234927.1	99652411.7	105060255.5	NA	166792368.3	130021267.2	121804821.8	161992621.9	181627053.6	98290618.5	110541719.1	121616847.6	101537496.4	92963623.2	90130818.4	NA	66866624.7	97109948.3	184914121.1	99089626.3	144372218.2	100055292	67801829	106477622.5	65209938.3	93063423.3	91965955	NA	NA	114628499.2	NA	98063799.4	127725609.9	126085993.3	172858412.4	137359474.1	153830561.5	95553745.8	89723835.6	NA	75984490.6	81054467.3	123133515.9	75664985.7	94377368.4	102169186.8	110221433.4	111354107.8	146905293.9	79484398.7	NA	88649752.2	162265545.2	148191563.1	107455213.8	74842736.9	134825281.6	154647470.3	126784898.9	90374169	139441155.6	75807526.7	NA	75503194.3	93411849.5	67529340	78737652.9	166306414.2	98068786.3	NA	95197076.3	115428711.1	84049070.5	107543537.3	221399566.2	132136764	134895624.6	124979219.3	171991603.3	94502800	NA	105146802.6	120380931.6	101273838.5	NA	119966947.9	135469403.1	196797732.9	84557920.3	129988444.5	147248237.7	188122599.5	192435435.3	138016674.1	101646598.1	NA	183962065.2	97533342	95002795.4	185580999.3	154879531.7	222340600.3	140731357.7	119290181.9	126752953.5	108090270.9	94936964.5	NA	48424.9
met_004	NA	NA	1.84	1.87	1.86	1.84	1.85	1.9	1.83	1.82	1.82	1.85	1.84	1.86	1.84	1.84	NA	NA	1.85	1.78	1.86	1.79	1.82	1.81	1.85	1.86	1.79	1.85	1.78	1.84	NA	1.84	1.78	1.82	1.83	1.86	1.82	1.78	1.86	1.79	1.81	1.83	NA	1.79	1.82	1.78	1.78	1.82	1.82	1.84	1.84	1.82	1.8	1.8	NA	NA	1.77	NA	1.82	1.82	1.83	1.83	1.84	1.84	1.84	1.82	NA	1.82	1.82	1.84	1.82	1.84	1.86	1.82	1.76	1.84	1.84	NA	1.85	1.77	1.77	1.85	1.83	1.84	1.84	1.82	1.83	1.82	1.83	NA	1.81	1.83	1.77	1.83	1.82	1.87	NA	1.8	1.86	1.85	1.84	1.86	1.83	1.82	1.82	1.83	1.83	NA	1.85	1.81	1.86	NA	1.87	1.9	1.88	1.85	1.88	1.91	1.9	1.86	1.88	1.87	NA	1.96	1.91	1.87	1.91	1.94	1.93	1.91	1.86	1.91	1.93	1.86	NA	1.77
met_005	NA	NA	359741.5	14056.2	23940.1	47118.4	104511.8	10429.6	22118.2	47244.4	111959.5	12766.3	27701.5	54071.8	116669.9	424251.2	367.5	NA	134564.4	22578	32207.1	82027	83370.9	47430.5	113924.6	153740.9	168657.2	56560.9	90042.6	149262.1	987.1	153873.8	156889.5	145244	19442.4	147394.5	154369.3	50315.1	408743.4	30803.2	114456.6	162773.5	1391.2	104636.2	113786.5	159006.9	125594.6	182027.7	72633.6	81783	101516.8	49319.3	465456.1	168320.2	570.1	724.5	104883.3	138866	89602.4	50751.1	92593.2	93453.7	193662.5	85321.2	235725.7	181721.3	335.3	233706.4	335562.9	318584.2	123969.7	165833	125951.3	162527.7	111845.7	252318	179069.5	1468.4	479988.2	155924.9	116914.2	151427.6	246360.4	339410.5	152345	109541.7	298058.4	180553.3	190365.7	277.5	69044.7	156762.2	162054.7	642972.3	172620.4	229322.3	1032.1	81245.9	198731.7	215063.5	870782.2	261080.1	151261.4	94844.2	192852.5	155887.5	243451.5	447.1	764197.8	213099.4	117321.6	1562.7	566758.2	155069.3	241419.4	80368.7	145744.9	317336.2	153661.4	204857.1	212681.5	151149.7	NA	264521.8	121944.1	134060.8	259507.9	265720.4	208724.7	376854.2	138777.8	285032.1	974117.2	111094.5	1743.7	302.9
met_006	NA	NA	1.85	1.9	1.91	1.89	1.85	1.88	1.87	1.9	1.85	1.88	1.89	1.83	1.85	1.86	1.93	NA	1.82	1.83	1.91	1.86	1.87	1.86	1.86	1.85	1.83	1.88	1.84	1.85	1.93	1.82	1.86	1.87	1.89	1.84	1.82	1.84	1.82	1.88	1.86	1.89	2.08	1.88	1.86	1.85	1.82	1.85	1.89	1.84	1.84	1.85	1.86	1.87	1.84	1.83	1.86	1.89	1.83	1.84	1.85	1.85	1.84	1.84	1.83	1.89	2.11	1.82	1.82	1.83	1.91	1.84	1.89	1.83	1.85	1.88	1.84	2.07	1.83	1.85	1.89	1.84	1.82	1.85	1.86	1.84	1.83	1.9	1.92	1.95	1.82	1.83	1.86	1.83	1.83	1.88	2.19	1.83	1.86	1.88	1.84	1.88	1.84	1.85	1.84	1.84	1.85	2.23	1.86	1.86	1.83	1.82	2.02	2	2.02	1.83	1.82	2	1.99	1.86	1.89	1.81	NA	1.97	1.91	1.98	1.96	1.95	1.93	2.01	2	1.96	1.99	1.84	2.14	1.96
met_007	2056.3	10334.3	823458.5	66458.9	124705.1	192553.3	426489.1	74467.6	115761.3	183320.9	375715.4	65340.9	111539.8	194023	376260.1	773395.6	2059.4	4572.1	370410.5	62961.7	146636.7	61850.5	46253.6	55310.6	267103.1	104483.7	130497.1	38604.1	65695.2	342015.7	773	113975.5	45826.4	110430.4	243736.8	60387.1	60486.7	78165.5	51894.1	121160.5	41997.8	344442	2530.1	46908	113538.9	73119.1	36661.6	71305.7	80108.2	51300.8	49925	219826.4	677653	317778.1	2541.4	863.2	101332.9	134608.6	171972.2	121125.3	97027.3	66363.9	33602.8	32928.2	29988.1	315329.5	759.3	46175.1	110836.4	51273	331795.8	22351.4	288566.2	47320.7	9315272.8	67281.3	279991	699.7	587245.7	86266	26132.4	9805077.8	229041.3	60207.8	95342.4	32927.3	58067.6	111479.6	268464.5	360.7	54461.6	60008.7	123914.1	72598.4	35320.5	369480.9	3813.4	93098.6	81010.6	203142.2	100866	91064.3	330905	2080899.2	104931.4	98711.1	351578.6	3032.8	140342	77370.9	400050.7	5357.9	72553.7	137661.8	146656.9	29674.7	27343.1	36990.5	235930	125201.6	33328.6	410151.8	3029.5	43600.3	40924.3	84971.8	119792.3	198066.6	174299.9	117666.2	69267	148758.5	1066000.6	387415.2	5698.4	767.6
met_008	1.84	1.91	1.94	1.93	1.96	1.97	1.95	1.93	1.97	1.93	1.94	1.96	1.97	1.95	1.96	1.95	2.1	1.95	1.95	1.98	1.94	1.9	1.93	1.92	1.93	1.93	1.93	1.94	1.92	1.93	1.88	1.89	1.9	1.9	1.95	1.93	1.92	1.88	1.89	1.9	1.95	1.94	1.9	1.98	1.94	1.91	1.94	1.89	1.89	1.92	1.94	1.98	1.94	1.94	2.05	2.03	1.95	1.92	1.93	1.95	1.92	1.94	1.92	1.92	2.01	1.95	2.01	1.87	1.96	1.94	1.95	1.86	1.96	1.91	1.97	1.89	1.99	1.89	1.88	1.87	2	1.94	1.95	1.98	1.9	1.94	1.98	1.95	2	2.05	1.97	1.95	1.95	1.96	1.94	1.95	1.94	1.96	1.97	1.96	1.9	1.89	1.92	1.92	1.95	1.94	1.94	1.9	1.95	1.9	1.86	1.84	1.88	1.87	1.87	1.87	1.89	1.87	1.87	1.86	1.89	1.86	1.83	1.88	1.85	1.86	1.89	1.87	1.87	1.99	1.98	1.96	1.86	1.86	2.07	2.03
met_009	162396.9	182290.4	2056497.7	412455.2	581727.7	898214.8	1604969.2	437101	591113.7	909074	1588637.4	439232.1	592213.4	843941.1	1551099.4	2243765.4	179738.8	219850.8	1572514	1813914.2	1262474.5	1299858.6	1217102.5	964493.7	1730910.5	1883112.3	1009284.9	1311342.1	1601826.6	1582885.9	222087.9	1306599.7	1194221.2	1891136.3	1710396	1683251.7	1503923.2	1054834	1520897.3	1572801	1619336.9	1458848.5	202547	1105701.2	1535382.2	1553574	1594012.7	1844794.6	1495650.2	1610226.3	1801409.6	1618010.6	2103471.2	1433564.5	208401.1	202344.6	979868.3	789709.1	2641329.7	1177203.3	1703261	1502212	1389144.6	1446877.3	1479737.1	1450946	207538.3	1792485.3	1410945.5	1956375.7	1286121.8	2335414.6	1706239.1	1142170.3	1103043.3	1876182.6	1348936.6	190739.8	1971874	1575544.1	1080519.3	2037019.1	1392247.8	1436210.9	1532447.5	1132524.1	1448094.1	1244831	1374028.6	194596.6	1010217.1	1534996.9	1364865.3	1090520.6	1346120.1	1688541.6	316919	1434218.2	2033214	1946135.4	1695641.1	2003145.3	2339798.3	1922982.1	2221263.7	3185161.9	1814643.1	327850.8	1962690.6	1815901.6	1907965.7	388983	2292120.4	2250701.3	3261497.1	1977262.2	3401810.9	2715267.1	3257054.5	1930360.1	2258305.8	2124882.8	400360.1	1864505.9	2644287.3	2939779.1	2764851.8	2102563.4	3250232.1	3187771.9	1980742.3	2377176.5	3948223.9	2057718.4	379758.8	420175.6
met_010	1.84	1.84	1.88	1.87	1.86	1.9	1.86	1.88	1.87	1.91	1.86	1.88	1.87	1.87	1.87	1.88	1.9	1.84	1.87	1.89	1.91	1.87	1.91	1.89	1.89	1.89	1.88	1.92	1.89	1.89	1.86	1.9	1.87	1.88	1.9	1.88	1.88	1.87	1.87	1.87	1.89	1.92	1.83	1.88	1.91	1.91	1.89	1.86	1.91	1.87	1.9	1.87	1.87	1.88	1.84	1.85	1.88	1.85	1.86	1.88	1.89	1.87	1.87	1.86	1.86	1.86	1.89	1.87	1.9	1.91	1.92	1.88	1.89	1.89	1.9	1.9	1.88	1.88	1.88	1.88	1.89	1.91	1.89	1.86	1.87	1.88	1.92	1.89	1.89	1.91	1.88	1.91	1.91	1.89	1.87	1.89	1.85	1.89	1.88	1.88	1.86	1.89	1.92	1.88	1.89	1.87	1.86	1.9	1.87	1.89	1.92	1.89	1.93	1.97	1.91	1.96	1.9	1.91	1.9	1.9	1.95	1.88	1.9	1.95	1.91	1.94	1.95	1.94	1.93	1.95	1.9	1.94	1.93	1.93	1.94	1.88
met_011	277.7	NA	105776.8	1632.6	9729.8	30170.3	107953.1	1183.4	7921.6	16843.6	75647.7	329.5	4504	20464.1	60895.7	105025.4	241.4	608.5	57096.5	37217.8	107978.5	72134.3	101910.8	32606.5	34058.5	122546.3	83426.1	66265.1	7142.4	61712.9	580.9	76830.8	13824.9	168023.7	75112.3	37141.9	32188.5	32285.9	95517.4	36917.4	60053	63526	1232.4	13553.8	51986	55997.1	3480.7	70534.8	47284.8	82498.9	87365.4	40448.5	102090.7	56843.4	360.8	249.6	4069.3	9225.4	35797.8	37895.8	16384.1	16685.2	33212.5	41196	3410222.5	79299.1	649.1	37722.6	28537.9	35356.5	65603	78369.5	73394.3	9392.3	176836.5	4900.9	78985	763.5	110251.4	6537.7	83524.1	69066.6	193556.9	72637.2	30089.9	84844.3	57572.7	118956.6	77783.6	323	41418.2	57037.5	47425.6	744.9	33911	58269.9	293.4	32929.1	58034.3	41289	319.4	25751	36672	68718	139733.5	2666.7	78275.6	653.8	49588.7	52061.3	55637.2	1362.5	68417.9	43763.1	54935.3	22228.3	27933.5	49387	5549.4	2776	149696.2	93544.5	1011	27650.3	120394.1	50082.9	41912.4	205449.9	49298	229487.9	51958.3	97972.6	187634.8	94496.7	2390.1	1708.9
met_012	2.26	NA	2.2	2.24	2.26	2.23	2.18	2.23	2.18	2.24	2.2	2.28	2.26	2.24	2.19	2.21	2.6	2.27	2.19	2.17	2.17	2.18	2.18	2.18	2.2	2.2	2.19	2.19	2.2	2.16	2.52	2.17	2.22	2.19	2.18	2.2	2.21	2.21	2.18	2.19	2.19	2.17	2.29	2.23	2.19	2.16	2.62	2.21	2.2	2.17	2.2	2.19	2.2	2.19	2.26	2.6	2.22	2.26	2.2	2.18	2.18	2.23	2.16	2.21	2.2	2.23	2.4	2.25	2.23	2.26	2.26	2.26	2.26	2.27	2.26	2.25	2.26	2.36	2.27	2.21	2.24	2.25	2.21	2.24	2.27	2.26	2.23	2.2	2.25	2.25	2.24	2.21	2.22	2.58	2.21	2.22	2.47	2.18	2.21	2.21	2.23	2.22	2.2	2.17	2.19	2.24	2.19	2.47	2.17	2.21	2.25	2.39	2.26	2.25	2.2	2.18	2.28	2.19	2.23	2.34	2.18	2.26	2.62	2.24	2.22	2.25	2.25	2.28	2.21	2.19	2.19	2.24	2.18	2.3	2.44	2.43
met_013	166202.6	178576.1	4467698.3	441989.1	671995.8	1033400.9	1897878.2	439016.9	624317.4	1054679.1	1907500.9	431007.7	645364.2	1002048.1	1925893.9	5102745.9	206522.9	NA	1931121.6	1864853.3	1906644.9	1582878.5	2196171.2	985900	1022396.3	2113334.7	1151336.8	2573894.7	2158365.3	2083042.7	213535.1	2052976.2	1748370.9	2754389.4	2031977.1	3426492.2	1194743.1	1778230.8	2768325.2	1612704.2	2296962.9	2017331.1	214747.9	1340769.3	1580057.9	2085986.7	1453342.3	2075757.6	1585124.2	1570264.1	1648487.3	1318695.5	5253414.5	1963065.2	209406.4	207794.5	1763112.5	1089805.1	1426071.2	1744597.7	2341713.9	1844708.1	1708257.6	1947812.4	2622192.8	1895554.6	NA	1822842	1050461.9	2378101.1	1598322.9	1976969.3	1738356.8	1130955.4	2434250	2216762.8	1813830.3	200126.6	4956710.8	2091252.6	1988017.5	2043299	1539890.6	1820707.5	1683355.6	2209301.6	1976292.6	1964296.1	1787489.7	NA	1330865.3	2186705	1523597.7	1779297.5	2426559.6	2035111.4	NA	1727692.9	2743734.2	1925657.2	2488686.5	3248477.5	2289282.2	2020344.1	3118984.8	3409013	2412725.4	269399	1844211.6	2238303.2	2599532.8	NA	2025818.3	2625724.3	3658663	3308221.2	3641120.1	2810546.3	3310625.1	3260909.9	2733988.1	2822894.2	NA	2705556.6	2146790.2	2042492.3	3036741	3025270.3	4506649.6	3857938.9	2350356.4	2767024.5	8183186.2	2728635.4	NA	NA
met_014	2.5	2.51	2.53	2.51	2.51	2.52	2.52	2.52	2.51	2.52	2.52	2.53	2.52	2.52	2.54	2.53	2.52	NA	2.52	2.54	2.54	2.53	2.53	2.52	2.52	2.53	2.53	2.53	2.53	2.54	2.51	2.53	2.53	2.53	2.53	2.53	2.52	2.53	2.54	2.53	2.53	2.52	2.51	2.52	2.51	2.53	2.53	2.53	2.53	2.54	2.52	2.53	2.52	2.53	2.51	2.49	2.53	2.62	2.53	2.53	2.53	2.53	2.51	2.53	2.53	2.52	NA	2.54	2.49	2.54	2.53	2.54	2.54	2.51	2.54	2.53	2.54	2.52	2.56	2.51	2.53	2.54	2.54	2.51	2.53	2.54	2.54	2.53	2.52	NA	2.53	2.53	2.53	2.51	2.54	2.53	NA	2.51	2.53	2.52	2.52	2.53	2.5	2.51	2.52	2.5	2.52	2.48	2.53	2.52	2.58	NA	2.59	2.58	2.57	2.57	2.58	2.58	2.56	2.56	2.56	2.56	NA	2.58	2.57	2.56	2.57	2.58	2.58	2.58	2.57	2.57	2.57	2.57	NA	NA
met_015	7844.7	8343.9	14589522.2	3328476.7	5937546.4	9955266.6	18196407.9	3355346.6	5504413.1	9709253.3	18041002.4	3341667.2	5375307.5	9257981.3	17899592.2	14449643.2	13187	32657.7	17830661.4	24381648.1	8543087.5	13887172.4	16502051.6	9232801	9660797.9	15799124.7	26315902.1	10769438.6	10156466.2	17839449.6	38300.3	34518890.5	10924577.8	28145371.1	18006293.7	15149107.4	7644125.7	13849237	15495471.1	10331235.8	17322393.8	16714096.8	52446.4	24676988.1	12300833.8	38595169.6	19018864.5	29738247.8	13309440.9	8302561.7	14186207.1	11248421.9	13106830.7	15754195.4	55093.8	40090.5	8383949.8	7313005.1	17465383.3	7895082.7	15543435.6	15921347.2	14534190.3	12461612.3	24315107.6	14890745.6	53953	12120805.9	8849015.2	11708677	11660615.6	9509365.8	6084734	13932304.9	13030537.1	16536479.6	13865751.8	55677	11832205	23837396	17086307.1	13331273.9	13734713.3	18488189.6	12267801.8	12201625.3	10541180.3	16172424.5	14190909.9	35777.9	9683792.8	16659362.2	6034954.3	13513373.6	43197022.1	16942141.4	75631.8	12758887.1	21773586.4	8210934.1	18443642	58026629.7	12482611	19790875.2	10271048.6	27862489.3	17196750.7	108128	11497027.3	9126789.2	19113963	127118	13327719.5	10707927.8	95408971.6	8922102.6	13621021.4	12135272.1	25663999.8	32626302.3	16423919.6	20525899.7	141090.6	11042469	9336732.5	17505262.1	21182601.9	25144066.6	17293024.7	18009027.1	18051138.3	11365468.4	18101051.6	19286031.1	127781.2	133202.7
met_016	2.69	2.81	2.62	2.58	2.59	2.6	2.6	2.58	2.59	2.6	2.6	2.6	2.59	2.59	2.6	2.62	2.74	2.78	2.61	2.62	2.62	2.61	2.61	2.61	2.6	2.61	2.6	2.63	2.62	2.6	2.72	2.6	2.62	2.6	2.6	2.61	2.61	2.62	2.6	2.61	2.62	2.58	2.82	2.58	2.61	2.59	2.63	2.6	2.62	2.6	2.61	2.6	2.61	2.61	2.67	2.72	2.61	2.68	2.61	2.61	2.61	2.61	2.6	2.61	2.63	2.58	2.75	2.59	2.62	2.6	2.61	2.62	2.62	2.6	2.61	2.59	2.6	2.7	2.62	2.59	2.61	2.61	2.63	2.59	2.6	2.61	2.59	2.62	2.6	2.71	2.6	2.59	2.61	2.59	2.6	2.61	2.71	2.59	2.6	2.61	2.58	2.6	2.6	2.61	2.62	2.6	2.58	2.69	2.58	2.59	2.64	2.74	2.67	2.66	2.61	2.66	2.65	2.66	2.64	2.64	2.63	2.63	2.68	2.64	2.63	2.65	2.63	2.64	2.65	2.63	2.63	2.65	2.61	2.64	2.72	2.67
met_017	2091.4	715.7	426149.3	136209.9	191538.6	289657.5	587613.6	131419.4	174045.5	252772.9	514208.5	131574.6	170966.4	258682.3	459638.1	440765.5	3879.5	4786.5	470743.9	473173.6	522992.6	375346.1	200072.8	461853.1	510683.5	611430.3	287407.2	598326.7	444712.6	477216.4	9363	472917.6	445139.1	880691.3	358770.9	431840.9	472612.9	392513	880568.4	362890.4	201309.4	445947.4	11849.4	222582.8	646126.8	535243.4	342475.7	678599.5	431623.1	510775.6	384728.4	391232.4	407020.1	455372	9962.5	6621.3	336386.4	126141.9	671645.3	411902	547709.8	501896.2	454312.7	737240.9	786324.6	404909.1	11703.3	480075.5	324957.9	474233.9	333083.5	759884.3	545728.3	283660.8	465614.7	930268.2	394692.1	11926.9	356664.6	330643.3	283536.7	524155.6	325988.3	577336.6	268936.3	293342.1	446918.6	408395.8	390379.4	5095.4	399164.4	594291.2	330555.8	559763.6	536570.8	479382.8	6804.9	488403.1	786293.1	411918.7	712714.8	730157.6	1085771.8	466116.7	553929.6	1228719.1	557756.6	11725.1	651845.8	495189.2	604936.3	10628.2	841305.4	631008.2	666670.7	699216	839042.3	602030	955091.6	850943.2	736914.6	665810.6	21126.1	495633.9	832148	668048.4	568931.7	667745.4	839250.6	1188657.6	647130.9	464088.3	687941.7	659456.3	32476.2	13056.3
met_018	3.01	2.98	2.8	2.8	2.84	2.83	2.84	2.8	2.77	2.78	2.78	2.81	2.8	2.85	2.86	2.8	2.8	2.92	2.79	2.87	2.84	2.84	2.98	2.78	2.84	2.85	2.85	2.87	2.82	2.8	2.91	2.86	2.83	2.83	2.79	2.83	2.86	2.75	2.8	2.83	2.82	2.79	2.7	2.79	2.78	2.82	2.87	2.86	2.84	2.85	2.85	2.84	2.78	2.86	2.69	3	2.84	2.85	2.99	2.8	2.85	2.88	2.79	2.85	2.83	2.85	2.9	2.83	2.83	2.93	2.81	2.84	2.85	2.85	2.85	2.85	2.88	2.97	2.78	2.91	2.79	2.85	2.98	2.84	2.93	2.92	2.81	3.01	2.87	2.91	2.78	2.83	2.87	2.82	2.84	2.86	2.9	2.71	2.8	2.77	2.78	2.89	2.78	2.83	2.88	2.83	2.84	2.8	2.84	2.82	2.81	2.79	2.85	2.79	2.97	2.78	2.9	2.86	2.78	2.8	2.78	2.85	2.77	2.73	2.75	2.77	2.79	2.82	2.78	2.88	2.84	2.83	2.85	2.81	2.68	2.76
met_019	212945.6	113082.6	7534184.3	3970840.6	7070787	11481339.6	19777650.6	4231037.9	6722658.3	11164403.8	19685143.8	4158310.2	6467841.6	10751828	18879415.8	7301310.6	239200.6	136143.7	20526921.3	33399461.8	6966829	21830695.4	12579486.3	12196144.1	65204185.3	11146318.8	14254018.5	21506191.7	10037366.1	19802785.8	240572.5	15517441.1	21858620	7928283.1	35933030.3	14351489.9	8137319.5	16313918	8996538.1	18313043.2	28527957.4	18486548.8	187482.8	7144857.3	14362067.3	6226349.5	9967042.5	14240089.2	18328596.1	14527959.9	9666851.9	12052422.8	6169252.4	16982582.1	99678.6	190288.8	11503844.4	9821689.2	49548330.7	5606380.2	8114167.1	10756694.2	6367636.4	4533173.3	12634865.8	16233668.7	192922.3	11599787.7	61450125.5	15282499.9	11096581.6	6914750.5	22064554.7	28790677.1	9183661	10060039.7	14694346.2	170148.8	5693319.4	19308887.2	4617638	10016427	8133696.3	12717596.2	19140814.7	16789645.7	5828255.9	9442416.6	14365241.1	162334.5	10934674	4240117.8	11246833.6	20262634.8	7496094	19581540.5	237620.7	17323114.5	6648946.3	16763965	29996378.1	11643525.1	11720305	15594923.1	12331697.3	14389410.3	19972791.5	229331.1	73804463.4	17595394.4	20511337.9	280505.2	75278068.8	17317537	11560758.2	6068716.8	5917970.9	34685846.6	22370881.4	16395067.1	12078820.3	21187912.4	251712.6	12768297.3	15122297.1	17820719.8	43745634.4	17395786	19976083.3	15633724.8	21850908.4	21677529.8	9015524.5	20088756	219461.5	268495.3
met_020	3.23	3.13	3.19	3.15	3.17	3.14	3.14	3.15	3.13	3.13	3.16	3.16	3.17	3.19	3.18	3.21	3.15	3.19	3.16	3.16	3.2	3.17	3.16	3.17	3.17	3.19	3.17	3.16	3.18	3.17	3.18	3.16	3.16	3.15	3.18	3.14	3.19	3.19	3.18	3.16	3.17	3.17	3.2	3.14	3.2	3.16	3.24	3.17	3.16	3.17	3.18	3.18	3.15	3.19	3.16	3.2	3.2	3.18	3.16	3.16	3.2	3.19	3.19	3.18	3.14	3.17	3.13	3.14	3.16	3.21	3.15	3.14	3.17	3.18	3.17	3.17	3.15	3.22	3.18	3.19	3.16	3.2	3.19	3.17	3.17	3.19	3.18	3.16	3.19	3.14	3.16	3.14	3.16	3.18	3.17	3.24	3.15	3.17	3.21	3.22	3.16	3.16	3.12	3.15	3.17	3.16	3.18	3.17	3.16	3.16	3.17	3.17	3.15	3.16	3.17	3.15	3.14	3.12	3.17	3.14	3.12	3.14	3.1	3.12	3.14	3.16	3.14	3.13	3.12	3.12	3.18	3.15	3.14	3.17	3.18	3.09
met_021	2010.4	1311.5	34445400.3	8622978.1	14973679.1	25628063.7	45638974	8777778.8	14333873.9	25138834.7	46007669.5	9065513.7	14012884.2	23582336.3	44311578	32783845.8	14189.9	5154.8	45639101.2	55837013.8	24075532.6	45312489.7	48494122.5	8642553.3	14277643.2	57185190.9	16640209.4	44399811.7	25150591.9	45187466.3	6795	65454227.3	65159646.3	49377516.6	46156271	81534457.2	32616749.4	34882463.1	48661159.4	29495719.6	58016012.7	41995170.7	30879.5	13788089.5	30356759.8	50127732.2	30093626.5	47784118.6	45848905.9	21829228.8	27286501.8	7191790.7	28453044.1	39934140.3	15984.5	9427.9	25170619.6	33468527.1	20345438	40247541.9	45522087.1	41756772.5	50300759.8	70176954.5	52762452	36211946.4	2507.1	19534566.2	15052653.5	53423941.5	18091853.1	26727942.2	41921651.9	23646768.9	7996338.1	52288001.8	33200828.7	16108.2	25768267.9	59883400.9	39122969.3	19423802.6	27129093.6	47906784.9	51433431.4	53616286.7	24635613.3	32086830.1	33265550.8	4078.7	22600978.8	19151608.9	17271434.7	29492737.6	82665524	44393952.7	6425.2	32007595.8	26217631.5	23415227.4	39762925	116493440.5	29564494.4	39775848.5	52506589.3	65114375.6	41925187.4	3790.3	19626499.4	43767002.1	49266459.7	17787.7	22852084.8	53634607.7	62973516	40120261.3	53177196.2	69867881.2	27696951.1	79985743.4	41789177.8	51824356.4	4925	49484395.5	30016396.6	21594450.9	91267910.3	90857238.3	131271594.7	50280089.9	28046917.9	23184854.1	42373932.8	49965812.5	6299.9	10274.6
met_022	3.32	3.31	3.23	3.23	3.24	3.25	3.24	3.23	3.21	3.23	3.25	3.27	3.25	3.3	3.27	3.27	3.26	3.4	3.23	3.25	3.25	3.24	3.23	3.28	3.27	3.27	3.25	3.24	3.24	3.26	3.46	3.28	3.24	3.23	3.26	3.23	3.25	3.25	3.26	3.23	3.25	3.22	3.17	3.25	3.27	3.24	3.3	3.24	3.24	3.25	3.25	3.24	3.31	3.25	3.25	3.32	3.29	3.26	3.24	3.25	3.25	3.26	3.25	3.24	3.23	3.25	3.35	3.25	3.24	3.25	3.23	3.28	3.23	3.29	3.27	3.26	3.25	3.23	3.28	3.25	3.28	3.31	3.29	3.26	3.25	3.24	3.27	3.26	3.31	3.35	3.24	3.28	3.25	3.3	3.25	3.32	3.45	3.22	3.27	3.31	3.23	3.28	3.22	3.26	3.28	3.24	3.24	3.31	3.26	3.25	3.22	3.26	3.26	3.26	3.24	3.23	3.2	3.22	3.26	3.23	3.22	3.23	3.43	3.21	3.26	3.21	3.31	3.23	3.24	3.22	3.27	3.21	3.26	3.23	3.28	3.39
met_023	NA	292.4	668218.6	135567	203339.7	297806.4	438366.4	130004.5	197847.9	302965.1	400215.2	132112.3	179815.8	272967.7	368686.4	639765.6	902	1082	460076.4	434672.2	400426.8	427545.7	287007.8	228130.8	377235.8	373337.4	355471.8	364836.9	295846.6	405982.4	3688.9	288883.9	477682.3	290917.9	420183.5	300178.1	327027.1	558490.7	254201	421332.2	349582.6	353941.9	5265.8	252526.9	320756.1	293825.1	302336.6	329162.4	359272.5	378370.2	307652.1	253178.9	760001.6	448590.4	2644	2026.9	372894.3	193587.3	353737.9	237447.8	303209.9	381207.3	282178.1	193928.6	665708.6	373294.1	3778.7	210324.1	429077.1	220959.1	406282.3	377709.9	465389.2	281422.8	368837	385883.6	341775.4	798.9	568994.2	302658.5	1202800.9	402853.8	599480.8	427258	209009.9	329423	252991	248581.2	335969	1836.9	386937	298321.1	199183.8	234034.4	356403	368814.1	NA	475208.8	364861.7	234546.5	290666.3	420570.7	568594.5	423112.6	547357.7	265261	428413.7	365.3	292941.9	400310.1	450079.9	3300.3	363143.4	491265.5	328961.1	341331.5	505930.5	902171.9	323100.1	303732.1	402445	479529.2	4298.4	391107.8	328638.5	343699.7	395168	513099.1	279722.8	971986	540100	588250.7	767866.4	446917.1	2228.9	3995.8
met_024	NA	3.86	3.96	3.85	4	4.01	4	3.88	3.87	3.98	4	3.91	3.85	4.06	4.01	3.99	3.8	3.84	4.15	4.05	4.03	3.9	3.83	3.91	4.01	3.95	4.01	4.02	4.07	4.03	3.87	4.1	4.02	4.03	4.01	3.99	4.02	4.02	4.07	4.18	3.93	4.01	3.78	3.87	4.07	3.89	3.93	4	3.99	4.03	4.05	4.01	4.05	3.99	3.81	3.78	4.11	3.86	4.01	4.19	3.92	4.07	4.11	3.89	4.02	4.01	3.81	4.02	4	4	4.03	4.04	4.04	4.05	4.05	4.03	4	3.86	4.01	4.03	4.09	4.15	4.09	4	4.03	3.99	4.09	4.02	4.02	3.78	4.06	3.89	4.2	4.18	4.05	4.09	NA	3.95	4.18	4.11	4.02	4.02	3.99	3.98	4.02	4.02	3.97	3.85	3.97	4	3.95	3.8	3.92	3.99	3.98	3.98	3.94	3.95	3.97	3.95	3.93	3.93	3.76	3.9	3.95	3.97	3.95	3.91	3.98	3.92	4	3.91	3.89	3.93	3.81	3.77
met_025	NA	NA	28044309.4	4775053.1	7824828.9	13377333.9	21057463.8	4745154.4	6975511.2	12226586.9	21846496	4583615.3	6843214.8	11801330.3	21063602.1	23765163.1	NA	NA	21782250.7	15049185.3	15801194.9	12771616.4	10734486.3	17193385.5	13588245.6	14484599.4	21256016.6	12012656.1	14671223.3	18228976.1	NA	12559164.4	23329502.4	13057406.5	16883902.5	12631611.1	14728534.1	20799355.3	13437829.7	16239063.1	12390049.1	16291634.2	NA	12149780.3	12269701.8	18681887.8	18818272.1	21111561.1	9776789.4	10730361.2	17935970.9	15121295.6	21618050.3	18179114	NA	NA	18514135.4	8060967.4	17811340.9	8842525.5	10121609.8	16845752.9	17764243.8	10813524.9	24010962	16586344.7	NA	10815248.8	17396532.7	13314822.7	13639078.3	19079187.2	8456257.6	13681130.4	17318387.9	10214178.6	14350529.6	NA	18208631.6	11362854.5	32794178.7	13724549.3	20622713	11362190	13519010.2	9729809.7	14940814.8	12155688	14181028.7	NA	14356292.6	15361487.1	11964594	9159997.7	13614099.5	15555403	NA	18952452.4	22231024.8	15109299	12094084.7	19070068.2	22328561.2	18101138.7	17070486.5	22252259.4	16804046.9	NA	18962910.9	17940891.3	20510263.4	NA	24669615.3	21589519.3	18715242.7	17336926.2	26208235.9	26155264.4	25508279.9	14939130.9	22376753.2	20189229.7	NA	16942218	12520506.8	15270572.7	10333593.4	25902056.8	9738670.8	40181149.3	18086275.2	22009119.7	23634310.6	18511146.3	NA	NA
met_026	NA	NA	3.75	3.75	3.76	3.75	3.74	3.77	3.75	3.72	3.77	3.81	3.8	3.79	3.76	3.74	NA	NA	3.72	3.77	3.78	3.73	3.73	3.77	3.77	3.78	3.78	3.76	3.76	3.74	NA	3.77	3.76	3.75	3.75	3.78	3.74	3.76	3.77	3.73	3.78	3.73	NA	3.73	3.75	3.75	3.8	3.77	3.73	3.76	3.76	3.76	3.74	3.75	NA	NA	3.8	3.82	3.74	3.72	3.76	3.74	3.75	3.77	3.76	3.74	NA	3.76	3.73	3.75	3.75	3.75	3.74	3.77	3.81	3.73	3.73	NA	3.8	3.78	3.78	3.78	3.79	3.76	3.72	3.76	3.77	3.76	3.79	NA	3.77	3.75	3.77	3.78	3.74	3.85	NA	3.72	3.8	3.82	3.72	3.75	3.75	3.77	3.77	3.78	3.81	NA	3.83	3.8	3.93	NA	3.89	3.96	3.94	3.81	3.77	3.91	3.96	3.75	3.9	3.92	NA	3.89	3.92	3.93	3.9	3.91	3.9	3.9	3.83	3.88	3.88	3.9	NA	NA
met_027	4953.5	7134.1	6309099.6	801683.9	1333721.1	2331590.8	3954475	797928.9	1282198.9	2287549.1	3904380	803610.5	1200707.3	2104907.3	3773418.7	6000778.3	NA	14047.9	4062360.2	3771136.9	3265182.4	3540572.5	2588186.7	2737352.2	2819115.8	3431366.1	3557699.2	3762567.6	4220290.5	3620374.7	NA	3443300.7	5042368.7	3177353.6	4171703.1	3040362.7	2909221.9	4157233.7	4977568.1	3291163.2	3051456.6	3067982.8	NA	2542111.1	3377327.9	2949353.2	3623776.3	3873032.5	2703064.3	3045619.6	3302663.9	3544514.4	6270329.1	3590722.3	NA	NA	3082868.2	1964513	3228406.1	2301445.2	3001805.3	2865688.3	2879259.3	2032116.5	3933120.6	3249493.2	NA	2399361.5	2841376.6	2801671.7	3171006.3	3233200.5	2876059.4	2641445.5	3301720.8	2911594.2	2974398.5	NA	4769096.1	2675012.1	4436639.6	2664515	3971199.1	2447943.6	2263046.6	2787352.7	2615413	2064253.1	2861530.2	NA	2915178.7	2552008.1	2381127.3	2643109.4	2817323.3	3263783.6	7582.9	3898664.9	3689694	2903635.2	3482279.9	3651543.4	4837254.7	4004269.4	4219056	4342451	3597877	NA	4072005	3872162.5	4127583.5	NA	5123778.2	4562343.9	3795170.6	4152659.3	4668355.9	4654714.1	4108234.9	3695025	4771476	4277566.5	NA	4036870	4553523.3	3822644.4	3464291.5	5128147	2682409.2	7214930.4	4589085.8	5206814.9	7009233.3	3968263.2	NA	NA
met_028	3.79	3.64	3.97	3.72	3.75	3.73	3.99	3.77	3.72	3.71	3.99	3.83	3.79	3.83	4.01	4	NA	3.8	4	3.92	3.93	3.81	3.84	3.8	4	3.89	4.01	4.01	3.76	3.96	NA	3.8	4.01	4.01	4.01	3.98	3.76	4.03	4.05	3.99	3.9	3.74	NA	3.75	3.79	3.88	3.81	4	3.98	4.01	4.04	4.01	4	4.01	NA	NA	3.82	3.85	3.99	3.88	4.03	4.06	3.91	3.83	4.01	4	NA	4.01	3.99	4	3.76	3.77	4.04	4.05	4.05	4.02	4.01	NA	4.01	4.03	3.82	4.12	4.07	4	4.02	4	3.93	4.02	4.03	NA	4.03	3.85	4.07	4.07	4.04	4.08	3.85	3.95	3.95	4.08	3.98	4	3.79	3.99	4.02	4.02	3.97	NA	3.98	3.99	3.95	NA	3.92	3.99	3.95	3.97	3.95	3.94	3.97	3.95	3.92	3.93	NA	3.9	3.92	3.95	3.92	3.92	3.91	3.91	3.99	3.91	3.89	3.92	NA	NA
met_029	2126.3	2415.3	37666704.6	14723270.2	30489162.2	56561490.8	100250582.7	14893968.1	28298603.9	53945417.5	104423952.4	14963422.6	26904773.8	50935694.4	95965993.8	36628427.7	3047.6	23155.4	105683973.2	20716196.3	18651074.7	15362883.9	309701197.4	19039843.5	23328305.4	259910028.2	17209569.8	18555823.2	24089025.3	95186103	8700.7	362970673.8	19138414.2	92736488	143409306.6	109307844.8	51527038.7	35816402.1	75964693.4	30908962.2	22430592.2	79027064.2	10144.5	11184977.9	12060465.5	16752949.3	18051235.4	36525271.2	55233369	6280954.6	13859559.7	2588313.5	20732092.2	93720615	3612.8	2563.5	27101018.3	570947678.4	43472970.2	101678878.6	137898304.5	74175422.8	75952282.1	168871292.4	61710468	84643582.2	5167.5	7942063.3	18694842.8	32836803.5	55640667.8	78803883.1	35903622.4	9697224.6	24683101.6	92277378.5	79853228.8	11729.3	30289165.8	60198262.4	59377131.5	120913732.3	55999137	14821302.4	51188531.8	51878420.9	70287252.3	33919969.4	82040221.3	5722.9	11104639	17310651.6	41232827.7	10449573.6	89886816.5	99521022.4	14648.1	34303791.5	38804871.5	62305443.8	44126196	134745149.6	94696588.3	14743604.7	66394064.9	47938193.8	108953069.9	11143.8	9234747.6	31692328.3	111883005.3	8726.1	11019376.6	28706744.5	306428301.2	28034339.1	82254711.9	18041035	31175900	155606101.9	96683003.4	118753430.4	13890.7	387988832.2	48437394.8	26781673.3	111246681.9	88771993.8	261167189.6	177047383.1	47684175.6	50387719.6	63389775.4	120079008.1	6915.6	15261
met_030	4.24	4.06	3.98	3.86	4.09	4.03	4.01	3.85	4.05	3.99	4.01	3.93	4.06	4.11	4.02	4.02	4.13	4	4.09	4.08	4.25	4.03	4.05	4.27	4.26	4.22	4.09	4.03	4.1	4.07	4.18	4.18	4.02	4.1	4.02	4	4.04	4.04	4.06	4.17	4.01	4.09	3.96	4.04	4.04	4.05	4.26	4.02	3.99	4.04	4.06	4.03	4.06	4.02	4.04	4.08	4.25	3.85	4.01	4.1	4.05	4.08	4.12	4.11	4.03	4.01	4.22	4.02	4.01	4.01	4.04	4.05	4.07	4.06	4.29	4.04	4.04	4.15	4.02	4.04	4.11	4.15	4.08	4.02	4.03	4.01	4.12	4.03	4.05	4.2	4.06	4.19	4.11	4.1	4.07	4.1	4.04	3.97	4.25	4.12	4	4.02	4.02	4.02	4.04	4.03	3.99	4.23	3.99	4.01	3.97	4.12	4.19	4	3.97	4.15	3.97	4.11	4.2	3.98	3.93	3.94	4	3.92	4.1	4.13	3.93	3.93	3.92	3.92	4	3.91	3.9	3.94	4.14	4.02
met_031	NA	NA	8108035	668496.2	1370396	3306951.9	6595013.1	695540.5	1275970.7	3105378.3	6357523.6	702475.7	1229478.4	2779472.4	6192190	8534386.9	NA	NA	5601185.9	4446133.4	4192759.2	4584894.9	4144765.4	1768087.7	3540198.7	2531310.7	3085899.9	5230747.3	4411010.3	3904602	NA	5959381	7497260.1	6748534.9	3026881.9	8548758.3	3166264	5819543.8	6347498.2	4952944.8	4477741.9	3256720.3	NA	2538720.9	4072687.6	5967888.2	4380097.6	5991330.3	4800196.8	5068357.3	6878198	7896413.8	8035433.1	5632109	NA	NA	5331499	2082534	7574603.1	3994455.5	6735069.1	4690475	5242349.1	3477823.1	5502396.9	5828129.7	NA	4945997.7	4873162.6	7334077.5	4966534.9	7542178.2	5930850.5	3587216.3	5020918.1	5603889	5406335.9	NA	7342833.2	2825953.7	3843995.3	5192821.6	4785554.9	5043491.6	6262288.9	6196145.7	4817534.5	5750216.7	5082474.5	NA	4836038.6	7032781.8	3637205.1	5362206.4	4946476.7	4300116.6	NA	7881128	11738824.2	5690272.5	7562316.3	7298777.9	6691916.7	11007065	5580866.8	8794214	8044902.7	NA	6959954.5	10033014.3	10170167.4	NA	9743349.8	12998946.8	8882108.7	8634760	7711254.5	6749792.8	10275046.3	10254775.7	11201905.2	11156257.2	NA	10875778.2	10330145.5	9582741.7	9976518.3	9776391.1	8989499.7	13490636.4	12377139.4	8965928.9	13986313.7	10453643.9	NA	NA
met_032	NA	NA	4.07	4.1	4.07	4.1	4.09	4.03	4.07	4.07	4.14	4.14	4.15	4.15	4.1	4.11	NA	NA	4.07	4.08	4.09	4.21	4.11	4.2	4.1	4.22	4.1	4.16	4.11	4.09	NA	4.16	4.1	4.04	4.05	4.15	4.14	4.13	4.07	4.08	4.11	4.11	NA	4.05	4.17	4.05	4.14	4.11	4.11	4.06	4.09	4.12	4.09	4.16	NA	NA	4.11	4.09	4.11	4.11	4.12	4.16	4.13	4.12	4.14	4.15	NA	4.16	4.1	4.08	4.1	4.08	4.18	4.15	4.12	4.14	4.2	NA	4.12	4.13	4.13	4.17	4.13	4.18	4.13	4.16	4.11	4.02	4.18	NA	4.15	4.15	4.17	4.13	4.13	4.2	NA	4.1	4.19	4.26	4.14	4.21	4.15	4.16	4.16	4.16	4.16	NA	4.16	4.19	4.18	NA	4.2	4.26	4.17	4.15	4.18	4.15	4.17	4.18	4.16	4.16	NA	4.12	4.13	4.16	4.16	4.14	4.15	4.16	4.14	4.12	4.16	4.14	NA	NA
met_033	5118974.8	5417270.3	2156065336	207681338	404033894.9	773630905.2	1227396227	221204083	377627172.7	745879541.2	1235475585	230458533.3	370460272.2	682905612.6	1221291240	2075247408	5468425.4	5614867.5	1448205184	1456986135	695585769.1	1113849084	993364802.3	684038865.1	1313117240	809257858	1162711600	1183242065	901258750.5	1173269891	5569143.2	1526088857	1382531190	1043559922	1680528113	1372242196	930069619.5	1465003454	1189764677	959432904.6	1337593785	1052094028	5247494.3	504380421	889114179.7	1083546889	1203945028	1270967236	1134626876	980640290.7	1089064862	1229770670	2610956538	1202597058	4383717.1	4592267.4	620064670.7	421786567.9	1075537052	706829187.9	1008384454	814259987.2	634841599.5	402836233.3	1098134744	1050420976	4695139.4	930245205.2	1016127793	1443375995	957617678.3	903469502.4	816567106.3	1017949527	902059306.9	1203115953	1002188657	4800039.7	1662357259	1148704035	683443224.9	818571565.5	1005658054	1255396611	1248572430	1287830942	715553977.6	1177607355	995180179.7	4740884	915103907.2	485933859.1	720432138.2	900659713.1	988871506.4	1255273528	5931232.7	1309087072	830803593.2	1041097667	1305873786	1383403778	852920330.4	1604255954	1260474431	1245705446	1227320253	6068761.1	2097811171	1260747640	1357097618	6469494.5	2163062891	1387396453	1742961611	1194799585	1214379339	1130521775	1222249304	1376164526	1258397638	1378723275	6173682.8	1350139227	1199981168	1150047949	1510012303	1414186964	1305124304	1336351772	1246931891	1270178600	2607302637	1254669726	7399582.8	6272325.5
met_034	4.12	4.06	4.19	4.06	4.11	4.08	4.13	4.05	4.07	4.06	4.12	4.18	4.15	4.15	4.14	4.26	4.08	4.09	4.11	4.21	4.18	4.15	4.18	4.16	4.26	4.22	4.1	4.22	4.11	4.09	4.09	4.2	4.16	4.1	4.14	4.15	4.11	4.14	4.26	4.09	4.15	4.11	4.08	4.05	4.17	4.17	4.14	4.18	4.11	4.12	4.2	4.16	4.22	4.1	4.09	4.07	4.18	4.03	4.11	4.14	4.14	4.17	4.13	4.18	4.14	4.09	4.09	4.11	4.1	4.2	4.11	4.14	4.1	4.18	4.16	4.14	4.11	4.1	4.19	4.21	4.13	4.22	4.22	4.19	4.16	4.16	4.15	4.16	4.14	4.11	4.11	4.15	4.11	4.16	4.13	4.25	4.07	4.1	4.15	4.19	4.14	4.17	4.07	4.16	4.16	4.15	4.11	4.11	4.2	4.13	4.25	4.08	4.16	4.13	4.28	4.24	4.22	4.02	4.07	4.16	4.01	4.05	3.99	4.13	4.04	4.18	4.05	4.07	4.03	4.02	4.27	4.01	4.13	4.05	4.03	3.96
met_035	8871	4193.9	9151150.1	802530	1583992.3	3113888.2	3068269.6	651357.5	1150478.5	1351648.3	2335288.6	748521.9	1156686.6	2303719.3	2994554.4	7221885.6	18395	7293	3777580.7	2296751	2384974.9	1187498.1	1890711.7	1533539.9	2311043	1002088.4	1767424.6	3244500.4	1729572	2746117.9	6567.5	2061273.4	2078314.7	1906253.5	5880549.3	5362478.2	1430187.4	3043253.9	2083569.2	1792905.7	3734185.4	2856958.5	7940.8	1446135.1	1434688.8	1095903.6	2126135.7	1700718.7	4088199.8	3125514	1440526.2	1725173.1	5208525	2142900.9	7534.5	12531.6	1947346.1	293179.9	4448525.7	2152062.9	2429962.2	1919509.8	1991127	1181375.2	1295790.9	3490125.7	5769.6	1136915.9	4661344.8	1912065.2	1659968	2269954.5	2927092.3	2075068.8	1914776.2	765824.8	1174430.8	8802.9	2250712.3	813798.5	2395467.6	2700414	1566786.9	2843376.1	1680169.9	3989809.6	1168707.7	4688813.4	2340342.4	6926.4	3705017.2	1467724.5	2767509.4	2394227.8	1039734.5	1898006.7	9231	2068785.2	894326	2790628.9	2498808.6	2186092	1207371.5	1969940.9	3908436.3	1746895.7	1002045.8	8330.5	1944260.7	1065141.2	2211905.3	14162.8	2204759.4	2076297.8	3649115.3	1101769.1	3945634.7	2843047.3	1006082.9	1231524.6	2287656	2568791.1	15836.6	1213521.1	1605833	3091438.2	4736424.3	1070128.4	2036770	1730367.9	4005535.1	2276020.8	4755201.4	1057796.5	9576.3	8070.5
met_036	4.29	4.05	4.31	4.17	4.11	4.11	4.14	4.05	4.07	4.09	4.16	4.18	4.16	4.23	4.39	4.29	4.22	4.29	4.12	4.21	4.17	4.15	4.26	4.23	4.1	4.22	4.1	4.22	4.11	4.14	4.11	4.19	4.15	4.22	4.26	4.19	4.15	4.27	4.25	4.15	4.23	4.12	4.2	4.06	4.17	4.26	4.24	4.14	4.27	4.15	4.21	4.17	4.29	4.1	4.33	4.1	4.11	3.86	4.01	4.22	4.25	4.11	4.18	4.17	4.11	4.07	4.26	4.17	4	4.17	4.18	4.25	4.11	4.06	4.19	4.3	4.1	3.88	4.23	4.07	4.18	4.26	4.11	4.11	4.11	4.12	4.12	4.21	4.18	4.24	4.12	4.12	4.08	4.09	4.23	4.27	4.26	4.04	4.17	4.16	3.99	4.17	4.02	4.17	4.25	4.12	4.02	3.89	3.97	4.22	4.11	4.05	3.92	4.09	4.34	4.25	4.22	3.94	3.98	4.17	4.13	4.05	4.13	4.18	4.03	4.04	3.92	4.13	3.99	3.98	4.04	3.91	4.34	4.06	4.24	4.27
met_037	NA	NA	12608065	1032720.5	1595261.6	2831010.9	4964754.1	1160406.1	1647533.2	2694289.8	4667523.7	1199460.1	1520161.4	2436527.6	4575857.5	13266623.2	NA	NA	4982658.7	3751181.8	10949286.5	4699399.4	4219033.2	1256149.5	1776470.2	5858512.4	2425759.9	8599948.2	3359009.3	4147415.1	NA	5521207.8	3823785.7	11978184.4	2834470.8	7865064.5	2536571.9	4306459.5	6549457.8	2117886.2	2333180.5	3352187	NA	2589962.8	4660523	2942388.7	6476361.1	3015688	2975238	3256024.7	5819300.2	2843001	15222073.5	4718217.4	NA	NA	2254774.9	1826295	2194443.3	3420980.2	5199307.8	1780704.7	3025952.6	4081779.4	2827046.1	4424485	NA	3316015.7	364758.6	3108518.7	4414166	5746696.9	1098899.8	3687359	6204692.4	16935255.5	4162796.2	NA	11488355.6	3889411.4	11799982.8	3099376.8	3933624.3	5070207.8	4407703.6	5136603.4	6367255	1916735.8	4075090.8	NA	3318014	5221248.7	2393454	2836344.9	6919439.4	3816183.8	NA	3561685.5	5827575.8	2463976.2	2929109.6	6766954.9	4631261.8	5401842.2	15924577.8	3447390.8	4036389.3	NA	271307.9	2948937.8	4573969.4	NA	352917.5	3576795.2	7597608.8	7235502.7	20767234.2	1741197.7	1847347.3	5082719.7	5363387.2	4926906	NA	7120405.4	3125655.7	839208.5	2399763.7	4692606.1	3173241.9	2129622.6	3169999.7	8599032.7	13218054.8	4702113.7	NA	NA
met_038	NA	NA	4.41	4.45	4.38	4.33	4.4	4.4	4.45	4.3	4.43	4.51	4.46	4.39	4.41	4.44	NA	NA	4.45	4.38	4.42	4.4	4.4	4.43	4.55	4.46	4.4	4.41	4.41	4.38	NA	4.43	4.44	4.44	4.45	4.37	4.4	4.46	4.49	4.37	4.43	4.32	NA	4.3	4.46	4.38	4.47	4.45	4.46	4.44	4.48	4.46	4.46	4.39	NA	NA	4.35	4.36	4.4	4.39	4.43	4.44	4.41	4.44	4.33	4.4	NA	4.4	4.38	4.5	4.45	4.42	4.43	4.46	4.46	4.5	4.37	NA	4.45	4.48	4.39	4.49	4.46	4.46	4.44	4.51	4.39	4.49	4.44	NA	4.41	4.4	4.36	4.42	4.43	4.51	NA	4.47	4.43	4.53	4.44	4.49	4.38	4.52	4.51	4.5	4.43	NA	4.6	4.47	4.39	NA	4.68	4.52	4.45	4.51	4.47	4.39	4.55	4.47	4.51	4.35	NA	4.42	4.42	4.39	4.55	4.36	4.53	4.51	4.47	4.35	4.37	4.4	NA	NA
met_039	NA	NA	6341875.6	1068163.1	1859043.8	3375572.3	6174658.3	1025316.5	1796451	3324672.5	5968480.6	1008470.7	1688391.5	2946208.9	6019465.6	6320608.5	NA	NA	6658087.7	3231434.7	2396920.1	3491286.3	2932986.5	5490755.8	3340630.9	11800417.3	4098788.3	5531189.1	7753600.9	5567892.7	NA	9111996.1	6327926.7	3691132.6	4515041.5	3315386.2	10944411.9	6108614.4	4716794.6	3066317.9	6035463.7	4541941.9	NA	3935048.2	6358057	2708666.4	5634542.8	3712687.4	2463907.3	2266825.4	3214521.1	5237109.1	6090790	5490173.4	NA	20381.2	3870423.9	2500721.4	2928420.1	4945210.3	8885904.7	3719922	13202384	13656173.6	3330649.4	4991618.7	NA	4436940.8	3271405.3	2517968.3	4527345.9	8131338.4	3572040.2	5268851.8	3247587.4	5049089.3	4469404.5	NA	4544752.3	2461283.1	3700637.3	12844644.5	4670255.2	2480321.3	2453281.9	2369546.9	4289326.5	1830002.6	4327156.3	NA	3913843	4199287.6	7200105.9	6247119	3502154	5441200.1	12100.6	6224567.7	5827291	10442633.3	9594906.7	5197109.1	22019132.3	3194173.3	3222209.8	5108070.3	5749573.9	NA	4456139.5	7143665.1	6757115.8	NA	5215295.5	8920533.3	11470948.5	8783465.5	3972390.2	3156007.9	4546288.8	9585058	11904643.6	7147385.1	NA	9055376.6	3136756.2	6352173.4	5753922.1	9898658.1	3557960.4	33133690	4057655.3	4685836.3	7437823.5	6544523.8	NA	NA
met_040	NA	NA	4.6	4.41	4.46	4.43	4.52	4.45	4.45	4.38	4.51	4.57	4.48	4.53	4.5	4.61	NA	NA	4.49	4.56	4.51	4.51	4.48	4.5	4.54	4.53	4.5	4.51	4.49	4.5	NA	4.58	4.51	4.45	4.55	4.5	4.45	4.54	4.52	4.44	4.55	4.46	NA	4.44	4.54	4.52	4.57	4.52	4.45	4.45	4.5	4.52	4.58	4.48	NA	4.52	4.52	4.43	4.48	4.48	4.49	4.5	4.51	4.53	4.51	4.45	NA	4.43	4.43	4.57	4.45	4.45	4.44	4.5	4.49	4.52	4.47	NA	4.61	4.51	4.48	4.58	4.51	4.52	4.53	4.53	4.5	4.52	4.48	NA	4.44	4.55	4.48	4.49	4.5	4.61	4.51	4.49	4.55	4.54	4.5	4.58	4.42	4.57	4.55	4.53	4.47	NA	4.57	4.51	4.47	NA	4.72	4.61	4.67	4.48	4.49	4.37	4.53	4.55	4.42	4.54	NA	4.53	4.4	4.42	4.54	4.56	4.4	4.38	4.51	4.53	4.73	4.45	NA	NA
met_041	NA	NA	16537295.5	1967486.4	3406857.2	5765203.2	10196509	2005157.9	3227118.2	5661187	10053980.4	1917324.5	3086605.8	5155332	9747354.1	16482159	NA	NA	10385419.2	9133031.5	10087878.9	7254701.7	5175879	6569687.2	5199579.3	8954771.8	10750447.7	6630187	6066366.7	9492570.6	NA	7343153.6	12037475.7	5515337.5	9527434.7	7282583.8	5949103.4	10349088.8	7286014.1	9281195.2	9115818.2	8177129.6	NA	5739942	4909085.2	8791417.4	7338056.9	15085450.1	5472652.6	5096742.2	7439427	4761398.6	14674999.7	8923812.2	NA	NA	7359112.9	7509603.1	7576116.8	3941444.4	5785567.2	9256037.4	9008162.7	9375573.9	14639615.8	8161204.4	NA	3548643.6	5230869.1	8184744.1	5253594.1	8242722	4898473.3	8304430.1	7320511.4	6494750.4	7499705	NA	11491078.8	5357054.3	13501136.9	6155178.4	9299139.2	8995558.4	6051945.4	7192658.9	6147978.1	7427121.6	7008277.8	NA	6882586.1	5804848.6	5651331.7	2354603.6	10041429.2	8785343.9	NA	9628166.8	6959100.5	7228308	3438688.4	14145595.8	8419527.8	11385031.1	14816315.7	12608661.3	8897412	NA	7913302.3	8545602.2	10257817.2	NA	9033202.5	10073216.9	17266338.3	9462086.1	14931904.8	44830623.2	8507333.2	7867050.6	14768591.1	10993750.7	NA	11272729.7	11424665.1	6762991.1	7238839.8	18467727.8	6685187.8	22855601.4	7575099.4	11004509.7	18064635.6	9933188.1	NA	NA
met_042	NA	NA	4.67	4.55	4.6	4.6	4.55	4.56	4.54	4.55	4.54	4.63	4.57	4.66	4.55	4.69	NA	NA	4.56	4.62	4.62	4.6	4.57	4.64	4.6	4.63	4.58	4.58	5.04	4.55	NA	4.59	4.54	4.54	4.59	4.53	4.59	4.58	4.6	4.51	4.62	4.56	NA	4.96	5.05	4.59	4.62	4.55	4.53	4.57	4.59	4.57	4.66	4.53	NA	NA	4.62	4.48	4.52	5.01	4.59	4.67	4.69	4.63	4.54	4.49	NA	5.01	4.54	4.6	4.98	4.58	4.58	4.6	5.05	4.56	4.5	NA	4.67	4.61	4.98	4.65	5.08	4.55	4.57	4.56	4.62	4.56	4.57	NA	4.54	5.07	4.65	5.06	4.6	4.65	NA	4.52	5.1	4.63	4.56	4.59	4.53	4.62	4.6	4.57	4.51	NA	4.64	4.58	4.55	NA	4.72	4.59	4.69	4.52	4.52	4.47	4.54	4.56	4.51	4.55	NA	4.52	4.48	4.49	4.59	4.51	4.49	4.51	4.55	4.53	4.81	4.51	NA	NA
met_043	5102488.1	5669635.1	211382878.5	21655623.5	28799219.7	43363235.8	70043169.4	21606192.2	29629570.2	60380058.8	64167884.1	20740743.6	26383460.4	46544230.8	67991622.2	199082456.5	6265614.4	5563653.6	73834435.1	59978505.7	54958228.6	61043958.4	57301903	47929324	75969066.6	48917926.9	87091068.6	46925117.5	44232560.1	62933973.7	6042475.5	95792152.1	53927902.4	34961802.4	64423684.8	61194350.6	56438981.1	77146132.7	51224427.9	56553311.4	52512625.8	61164670.9	5513143.4	44941603.4	50034925.5	57372222.4	51595401.2	73797376.4	43879383.9	45663085.6	73732633.5	79384656.4	181536965.4	63792168.8	4796141.2	5428863.5	35126933.4	36418197.1	77576233.4	48528756	65587101.5	41230751.2	38679706.4	35597521.3	39081413.6	59215152.3	5214277.7	54959153.7	83407755.5	100591306.6	59948609.3	73067240.4	35808614.1	41263792.9	44272345.6	50776611.1	56059974	4901471.3	151253339	60968157.6	49319441.9	45970443.4	67491619.3	79852408.3	56719902.7	71094131.1	47687255.1	81518577.5	52533604	4866699.7	54957206	36866525.5	53501112.7	26509141.5	54817295.4	66423176.8	6853104	92282266	54932002.8	85636152.9	48382862	90299606.5	67569141.6	127143101.5	67892399.9	84895836.7	81381069.2	6758226.3	181777149.3	77375440	98410504.1	9040852.1	213297735.5	101877561.6	231807268.8	104848569.5	96578684.7	82113615.1	82012099.4	94572980.4	121389303.7	110011084.3	8624015.4	126162988.1	89083403.1	110641586.9	93317992.1	174779436	101997583.8	120419472.5	68016358.5	119927008.4	284096763.9	103421676.7	9379375.8	8331351
met_044	4.73	4.67	4.69	4.59	4.62	4.66	4.62	4.62	4.63	4.58	4.57	4.76	4.62	4.72	4.63	4.74	4.66	4.65	4.57	4.71	4.71	4.65	4.63	4.69	4.68	4.74	4.68	4.67	4.69	4.59	4.64	4.71	4.66	4.64	4.69	4.61	4.66	4.67	4.71	4.64	4.68	4.64	4.64	4.62	4.71	4.66	4.71	4.64	4.65	4.66	4.69	4.67	4.72	4.65	4.65	4.65	4.7	4.59	4.62	4.69	4.68	4.73	4.7	4.68	4.68	4.63	4.64	4.62	4.6	4.62	4.7	4.67	4.68	4.71	4.71	4.66	4.64	4.7	4.68	4.65	4.72	4.78	4.73	4.65	4.7	4.62	4.71	4.66	4.65	4.69	4.7	4.69	4.69	4.71	4.7	4.76	4.7	4.55	4.76	4.77	4.61	4.65	4.61	4.68	4.66	4.68	4.55	4.7	4.72	4.59	4.56	4.6	4.65	4.63	4.65	4.53	4.56	4.5	4.57	4.58	4.52	4.58	4.56	4.54	4.52	4.52	4.6	4.59	4.57	4.53	4.57	4.55	4.71	4.54	4.59	4.54
met_045	129797.9	136914.4	7751349.3	1226700.1	2048877.2	3303144.4	4682428.7	1332446.8	2009284.8	3796952.2	4668383.8	1097697	1801505.2	3098108.7	4778030.1	7451399.5	189479.4	163703.2	4897373.9	4651313	4903328.6	4368287	4275462.5	3719778	3780499.7	3963465.6	5177345.6	4679719.7	6969318.5	4983815	184017.9	4387293.1	6077048.6	5657499.7	6447243.6	4495147	3674761.1	5579860.2	7432128.5	5039312.7	4155629	4499280.5	161406.1	4512763.8	4095758.7	3963183.2	4680890.4	5870087.1	2184233.1	4322972	4613311.3	4480370.1	6953880.5	4533620.1	151297.4	174926.9	3690934.7	1609864.7	4295496.6	3023718	4127971.2	3790286.5	3686810.5	3049828.1	5897585.4	4380900.6	155767.5	3787385.5	4205710.5	3622991.2	4495268.5	4718644.6	3343429	3167795.7	NA	3733106.6	4239172	148970.3	5654724.7	3998672.6	8392251.5	3622622.8	7175964.6	3544140.3	3035950.6	3805674.3	3460716	1475378.2	3696755.9	153017.7	NA	3501971.1	3462391.3	2749191.1	4613710.5	3640416.7	239562.3	6524864.1	5040377.7	4859160.7	4574165.4	6765716.4	6973565.9	6243154.7	7795395.3	7794452.8	5526542.9	248107.8	5430839.3	5261940.4	6418415.7	164093.1	6791072.7	6051673	6728381.3	7138363.2	8069141.7	8606071	5946290.9	6037934.6	7624984.6	6905698.4	167735.4	6726963.7	5391663.8	5426229.7	5547470.6	8126693.6	5101319.3	13888511.4	6403884.8	8964114.7	10663474.2	6557286.6	154971.1	184053
met_046	5.34	5.19	5.31	5.38	5.35	5.35	5.25	5.36	5.34	5.29	5.22	5.3	5.37	5.36	5.23	5.32	5.21	5.22	5.23	5.26	5.33	5.23	5.19	5.3	5.28	5.31	5.23	5.22	5.26	5.23	5.17	5.31	5.24	5.2	5.36	5.25	5.22	5.25	5.27	5.19	5.26	5.22	5.18	5.28	5.31	5.29	5.31	5.29	5.34	5.26	5.28	5.25	5.32	5.29	5.22	5.19	5.3	5.31	5.25	5.3	5.28	5.27	5.31	5.27	5.35	5.24	5.18	5.23	5.3	5.32	5.25	5.28	5.28	5.3	NA	5.31	5.23	5.21	5.34	5.32	5.31	5.33	5.28	5.34	5.29	5.28	5.29	5.22	5.34	5.21	NA	5.3	5.33	5.29	5.26	5.28	5.29	5.22	5.29	5.32	5.24	5.3	5.22	5.27	5.26	5.27	5.28	5.28	5.29	5.21	5.28	5.13	5.29	5.31	5.32	5.16	5.31	5.29	5.21	5.24	5.29	5.27	5.32	5.25	5.28	5.27	5.25	5.23	5.23	5.07	5.29	5.25	5.27	5.28	5.12	5.22
met_047	118639.1	118614.1	98596294	23357019.7	40949550.7	68306995.7	114015192.4	23985351.8	38756114.6	66480918.2	116855724.2	22976355.3	37052565	61217535.7	111376753	101159029.5	144112.9	118142.3	111449403.9	121168542.3	100806612.5	121338556.7	84693462.7	106224785.8	73934924.7	105381338.1	101915941.9	114836517.6	99913053.4	112731728.4	126145.4	120059693.6	116452174.9	118354211.9	135316690.7	137194794.7	97774397	119632884.7	121978581.3	88908975.3	74571510.4	105140721.5	125561.1	66202944.8	95402681.2	129024896.3	96982164.4	136707165.7	90956636.7	80572826.7	87451711	74666446.1	89503057.5	98240242.7	99528.6	98853.9	97083917.2	62432102.1	71085686.7	94318470.8	106105652.3	111789107.2	103539707.3	99779083.7	106877296.2	93453830.8	NA	79981783.3	70468490	98408718.5	74304662.2	93384774.5	65860101.2	73654354.1	80450062.9	105652121.4	88899684.9	NA	79734599.8	116381426.2	95211170.7	64729327.4	75805931.4	95130680.1	84168989.6	90149057.1	77158632.7	88413393.8	91745421.2	NA	79920908.1	84606457.5	66692944.3	68174165.6	115500777.7	92897881.3	104821.5	105784069	111889505.1	85458565.1	92955559.8	166605130.3	83988578.6	117447140	99909332.5	142507327.2	104361722.5	119353.8	114352827.7	91003032	119059876.8	142107.9	125598793.6	106032598.5	132829839.8	122503525.5	153895805.9	100854913.5	147157614.6	170229339	113149619	116218492.9	NA	136550169.8	106617983.4	104706502.3	133280058.5	137605722.2	167992835.2	122482215	102620244.3	94772112	114136193.6	111499695.8	NA	NA
met_048	5.46	5.37	5.43	5.42	5.43	5.4	5.46	5.39	5.42	5.35	5.42	5.6	5.39	5.44	5.4	5.47	5.38	5.33	5.4	5.42	5.47	5.47	5.42	5.42	5.42	5.49	5.37	5.43	5.45	5.45	5.37	5.45	5.44	5.44	5.41	5.43	5.47	5.45	5.47	5.44	5.45	5.43	5.4	5.36	5.44	5.44	5.47	5.47	5.4	5.41	5.49	5.48	5.42	5.41	5.45	5.36	5.49	5.39	5.39	5.46	5.47	5.42	5.47	5.42	5.44	5.42	NA	5.41	5.39	5.47	5.46	5.47	5.43	5.51	5.46	5.47	5.48	NA	5.5	5.49	5.48	5.52	5.47	5.52	5.48	5.43	5.49	5.47	5.46	NA	5.43	5.43	5.42	5.47	5.48	5.49	5.38	5.41	5.51	5.53	5.39	5.44	5.39	5.46	5.45	5.49	5.4	5.38	5.38	5.44	5.48	5.35	5.46	5.5	5.46	5.43	5.45	5.4	5.47	5.42	5.44	5.46	NA	5.47	5.42	5.46	5.44	5.44	5.43	5.45	5.45	5.5	5.43	5.44	NA	NA
met_049	18574.6	27850.6	7428999.2	888571.8	1629566.7	3222347	6958601.8	NA	1908006.9	3581877.6	7090815.8	NA	1861017.6	3407297.2	6719255.9	8460228.5	57434.1	31124	6092776.7	5987635.9	4506089.1	7554028.9	4198104.4	6196642.9	4667104.3	4688980.6	6781961.2	8263187.4	5407080.8	6541097.9	14854.9	6735291.7	9852524.4	5575046	11677521.1	5316155.2	3887248.8	7364870.1	6081111.9	4703064.8	8349567.9	6352174	42004.6	4789436.1	8310225.5	7481112.7	5632078	8752891.2	4809757.5	4891278.4	6986816.8	3137228.7	7386653.7	5720841.3	53985.9	38404.6	6123537.6	1766106.2	6090141.3	6153993.2	4778989.2	7886196.3	3423720.3	4566073.2	7985917.6	5392674.2	60794.4	3420500.7	6981705.9	4713459.7	4728960.3	4685230.9	4074686.9	5343484.8	7554693.1	5918901.6	5420990.4	40737.6	5592446.3	5916268.5	8490870.6	4815881.3	5525837.1	4885724.5	5900627.9	7237812.4	4891208.1	4939374.9	5354055.4	46141.3	4889351.3	3611904.3	3140289.6	3593515.4	7846011.8	5247443.7	35500	5965026.4	4527117.7	3249065.6	4456511.4	8726059.1	10606409.1	9018925.4	7742214.6	5030362.7	5639994.2	46585.4	5542591.7	3493985.9	5781266.3	61514.8	6673144	3608755.9	6896982.5	3771477.7	7547795.3	6486781.9	7262970.9	11417593.5	5358945.1	6372764.6	NA	6185288	4449942.9	5023710	6859335	18566262.3	6583508.7	5443154.4	4680936.4	9863707	8500794.3	6285225.6	83429.9	58669
met_050	6.38	6.22	6.23	6.28	6.25	6.23	6.21	NA	6.24	6.21	6.23	NA	6.32	6.31	6.24	6.26	6.24	6.25	6.24	6.25	6.27	6.28	6.23	6.26	6.25	6.28	6.25	6.26	6.25	6.24	6.21	6.29	6.27	6.27	6.26	6.24	6.27	6.25	6.26	6.23	6.27	6.24	6.31	6.21	6.27	6.26	6.29	6.25	6.26	6.3	6.27	6.25	6.3	6.25	6.3	6.33	6.31	6.18	6.25	6.27	6.28	6.27	6.28	6.26	6.28	6.25	6.37	6.26	6.21	6.25	6.23	6.24	6.28	6.29	6.29	6.29	6.27	6.34	6.28	6.3	6.27	6.31	6.32	6.25	6.26	6.28	6.26	6.28	6.29	6.29	6.29	6.27	6.25	6.29	6.28	6.33	6.28	6.21	6.29	6.32	6.22	6.26	6.24	6.28	6.29	6.27	6.26	6.3	6.26	6.25	6.21	6.34	6.25	6.25	6.25	6.22	6.21	6.21	6.23	6.28	6.23	6.22	NA	6.22	6.16	6.23	6.23	6.27	6.25	6.21	6.23	6.17	6.2	6.23	6.3	6.37
